{
  "val": {
    "model": "tabular_encoder",
    "split": "val",
    "threshold": 0.675885796546936,
    "metrics": {
      "accuracy": 0.9159335288367546,
      "precision": 0.26126126126126126,
      "recall": 0.8787878787878788,
      "f1": 0.4027777777777778,
      "roc_auc": 0.9436792164064891,
      "pr_auc": 0.4242678459817027,
      "balanced_accuracy": 0.897979797979798,
      "mcc": 0.4521751398451003,
      "cohen_kappa": 0.37152286657237155,
      "log_loss": 0.2802561362920077,
      "brier_score": 0.08993390288756782
    },
    "confusion_matrix": [
      [
        908,
        82
      ],
      [
        4,
        29
      ]
    ],
    "notes": []
  },
  "test": {
    "model": "tabular_encoder",
    "split": "test",
    "threshold": 0.675885796546936,
    "metrics": {
      "accuracy": 0.895405669599218,
      "precision": 0.2109375,
      "recall": 0.8181818181818182,
      "f1": 0.33540372670807456,
      "roc_auc": 0.9393021120293847,
      "pr_auc": 0.41122075975451156,
      "balanced_accuracy": 0.8580808080808081,
      "mcc": 0.38244510383686386,
      "cohen_kappa": 0.2994720168954593,
      "log_loss": 0.3119865158527518,
      "brier_score": 0.1008586505290756
    },
    "confusion_matrix": [
      [
        889,
        101
      ],
      [
        6,
        27
      ]
    ],
    "notes": []
  }
}