{
  "val": {
    "model": "wide_deep",
    "split": "val",
    "threshold": 0.6532968878746033,
    "metrics": {
      "accuracy": 0.9188660801564027,
      "precision": 0.2641509433962264,
      "recall": 0.8484848484848485,
      "f1": 0.4028776978417266,
      "roc_auc": 0.938904193449648,
      "pr_auc": 0.39539611377102285,
      "balanced_accuracy": 0.8848484848484849,
      "mcc": 0.4462279234695618,
      "cohen_kappa": 0.3719794971930681,
      "log_loss": 0.2910289386184956,
      "brier_score": 0.08773078501325246
    },
    "confusion_matrix": [
      [
        912,
        78
      ],
      [
        5,
        28
      ]
    ],
    "notes": []
  },
  "test": {
    "model": "wide_deep",
    "split": "test",
    "threshold": 0.6532968878746033,
    "metrics": {
      "accuracy": 0.9071358748778103,
      "precision": 0.22321428571428573,
      "recall": 0.7575757575757576,
      "f1": 0.3448275862068966,
      "roc_auc": 0.9370064279155188,
      "pr_auc": 0.3585010997520177,
      "balanced_accuracy": 0.8348484848484848,
      "mcc": 0.3789524343073431,
      "cohen_kappa": 0.3104659330367596,
      "log_loss": 0.31780879392763584,
      "brier_score": 0.09315821294891527
    },
    "confusion_matrix": [
      [
        903,
        87
      ],
      [
        8,
        25
      ]
    ],
    "notes": []
  }
}