{
  "models": [
    {
      "model_version": "v001",
      "network": "mlp",
      "checkpoints": {
        "last": "models/deep_learning/mlp_last.pt",
        "best": "models/deep_learning/mlp_best.pt"
      },
      "architecture": {
        "network": "mlp",
        "n_features": 22,
        "hidden_layers": [
          64,
          32
        ],
        "activation": "relu",
        "dropout": 0.2,
        "batch_norm": true,
        "initialization": "kaiming"
      },
      "hyperparameters": {
        "data": {
          "batch_size": 128
        },
        "optimizer": {
          "name": "adamw",
          "lr": 0.001,
          "weight_decay": 0.0001
        },
        "scheduler": {
          "name": "plateau",
          "factor": 0.5,
          "patience": 5
        },
        "loss": {
          "name": "weighted_bce",
          "gamma": 2.0,
          "alpha": 0.25
        },
        "training": {
          "epochs": 60,
          "device": "auto",
          "mixed_precision": true,
          "gradient_clip": 1.0,
          "log_every": 5
        }
      },
      "n_parameters": 3777,
      "device": "mps",
      "threshold": 0.6020554304122925,
      "threshold_method": "youden",
      "metrics": {
        "val": {
          "accuracy": 0.8905180840664711,
          "precision": 0.2116788321167883,
          "recall": 0.8787878787878788,
          "f1": 0.3411764705882353,
          "roc_auc": 0.9403122130394858,
          "pr_auc": 0.4107143662444235,
          "balanced_accuracy": 0.8848484848484848,
          "mcc": 0.39931644812544403,
          "cohen_kappa": 0.3050440352281827,
          "log_loss": 0.33917069996525023,
          "brier_score": 0.10156490960399588
        },
        "test": {
          "accuracy": 0.8905180840664711,
          "precision": 0.1937984496124031,
          "recall": 0.7575757575757576,
          "f1": 0.30864197530864196,
          "roc_auc": 0.932139577594123,
          "pr_auc": 0.32188105626863833,
          "balanced_accuracy": 0.8262626262626263,
          "mcc": 0.34730279314232243,
          "cohen_kappa": 0.27120067170445006,
          "log_loss": 0.36349872035672304,
          "brier_score": 0.10501558763375247
        }
      },
      "best_epoch": 9,
      "epochs_trained": 19,
      "training_timestamp": "2026-07-18T09:02:56.949201+00:00",
      "train_seconds": 18.222,
      "feature_schema": {
        "target_col": "Bankrupt?",
        "n_features": 22,
        "features": [
          "ROA(B) before interest and depreciation after tax",
          "Non-industry income and expenditure/revenue",
          "Total debt/Total net worth",
          "Debt ratio %",
          "Borrowing dependency",
          "Allocation rate per person",
          "Retained Earnings to Total Assets",
          "Total income/Total expense",
          "Net Income to Total Assets",
          "log__Net Value Growth Rate",
          "mul__Net Income to Stockholder's Equity__x__Borrowing dependency",
          "mul__Total debt/Total net worth__x__After-tax net Interest Rate",
          "diff__Net Income to Stockholder's Equity__minus__Borrowing dependency",
          "diff__Net Income to Stockholder's Equity__minus__Total debt/Total net worth",
          "diff__Borrowing dependency__minus__Retained Earnings to Total Assets",
          "pca__1",
          "pca__2",
          "pca__3",
          "pca__4",
          "pca__5",
          "pca__6",
          "pca__7"
        ]
      },
      "dataset_version": "v001"
    },
    {
      "model_version": "v002",
      "network": "deep_fc",
      "checkpoints": {
        "last": "models/deep_learning/deep_fc_last.pt",
        "best": "models/deep_learning/deep_fc_best.pt"
      },
      "architecture": {
        "network": "deep_fc",
        "n_features": 22,
        "hidden_layers": [
          256,
          128,
          64,
          32
        ],
        "activation": "gelu",
        "dropout": 0.3,
        "batch_norm": true,
        "initialization": "kaiming"
      },
      "hyperparameters": {
        "data": {
          "batch_size": 128
        },
        "optimizer": {
          "name": "adamw",
          "lr": 0.001,
          "weight_decay": 0.0001
        },
        "scheduler": {
          "name": "plateau",
          "factor": 0.5,
          "patience": 5
        },
        "loss": {
          "name": "weighted_bce",
          "gamma": 2.0,
          "alpha": 0.25
        },
        "training": {
          "epochs": 60,
          "device": "auto",
          "mixed_precision": true,
          "gradient_clip": 1.0,
          "log_every": 5
        }
      },
      "n_parameters": 50113,
      "device": "mps",
      "threshold": 0.6381216645240784,
      "threshold_method": "youden",
      "metrics": {
        "val": {
          "accuracy": 0.8875855327468231,
          "precision": 0.20714285714285716,
          "recall": 0.8787878787878788,
          "f1": 0.3352601156069364,
          "roc_auc": 0.9373737373737374,
          "pr_auc": 0.37882844237295304,
          "balanced_accuracy": 0.8833333333333333,
          "mcc": 0.39412753662615624,
          "cohen_kappa": 0.2986425339366514,
          "log_loss": 0.3339106882995608,
          "brier_score": 0.10539092482558492
        },
        "test": {
          "accuracy": 0.884652981427175,
          "precision": 0.1897810218978102,
          "recall": 0.7878787878787878,
          "f1": 0.3058823529411765,
          "roc_auc": 0.9309458218549128,
          "pr_auc": 0.33883713418260925,
          "balanced_accuracy": 0.8378787878787879,
          "mcc": 0.35058097611013395,
          "cohen_kappa": 0.26781425140112103,
          "log_loss": 0.34962957976439013,
          "brier_score": 0.10927144750436374
        }
      },
      "best_epoch": 9,
      "epochs_trained": 19,
      "training_timestamp": "2026-07-18T09:02:56.949573+00:00",
      "train_seconds": 16.348,
      "feature_schema": {
        "target_col": "Bankrupt?",
        "n_features": 22,
        "features": [
          "ROA(B) before interest and depreciation after tax",
          "Non-industry income and expenditure/revenue",
          "Total debt/Total net worth",
          "Debt ratio %",
          "Borrowing dependency",
          "Allocation rate per person",
          "Retained Earnings to Total Assets",
          "Total income/Total expense",
          "Net Income to Total Assets",
          "log__Net Value Growth Rate",
          "mul__Net Income to Stockholder's Equity__x__Borrowing dependency",
          "mul__Total debt/Total net worth__x__After-tax net Interest Rate",
          "diff__Net Income to Stockholder's Equity__minus__Borrowing dependency",
          "diff__Net Income to Stockholder's Equity__minus__Total debt/Total net worth",
          "diff__Borrowing dependency__minus__Retained Earnings to Total Assets",
          "pca__1",
          "pca__2",
          "pca__3",
          "pca__4",
          "pca__5",
          "pca__6",
          "pca__7"
        ]
      },
      "dataset_version": "v001"
    },
    {
      "model_version": "v003",
      "network": "residual",
      "checkpoints": {
        "last": "models/deep_learning/residual_last.pt",
        "best": "models/deep_learning/residual_best.pt"
      },
      "architecture": {
        "network": "residual",
        "n_features": 22,
        "width": 128,
        "n_blocks": 3,
        "activation": "relu",
        "dropout": 0.2,
        "batch_norm": true,
        "initialization": "kaiming"
      },
      "hyperparameters": {
        "data": {
          "batch_size": 128
        },
        "optimizer": {
          "name": "adamw",
          "lr": 0.001,
          "weight_decay": 0.0001
        },
        "scheduler": {
          "name": "plateau",
          "factor": 0.5,
          "patience": 5
        },
        "loss": {
          "name": "weighted_bce",
          "gamma": 2.0,
          "alpha": 0.25
        },
        "training": {
          "epochs": 60,