{
  "models": [
    {
      "model_version": "v001",
      "network": "mlp",
      "checkpoints": {
        "last": "models/self_supervised/mlp_last.pt",
        "best": "models/self_supervised/mlp_best.pt"
      },
      "architecture": {
        "encoder": "mlp",
        "n_features": 22,
        "hidden_dims": [
          256,
          128
        ],
        "embedding_dim": 64,
        "activation": "relu",
        "dropout": 0.1,
        "batch_norm": true
      },
      "hyperparameters": {
        "data": {
          "batch_size": 256
        },
        "projection_head": {
          "hidden_dims": [
            128
          ],
          "projection_dim": 64,
          "activation": "relu",
          "batch_norm": true
        },
        "loss": {
          "name": "nt_xent",
          "temperature": 0.5
        },
        "augmentations": [
          {
            "name": "feature_masking",
            "ratio": 0.15
          },
          {
            "name": "gaussian_noise",
            "sigma": 0.1
          }
        ],
        "optimizer": {
          "name": "adamw",
          "lr": 0.001,
          "weight_decay": 0.0001
        },
        "scheduler": {
          "name": "cosine"
        },
        "training": {
          "epochs": 30,
          "device": "auto",
          "mixed_precision": true,
          "gradient_clip": 1.0,
          "log_every": 5
        }
      },
      "n_parameters": 47808,
      "device": "mps",
      "threshold": 0.6229417941310518,
      "threshold_method": "youden",
      "metrics": {
        "val": {
          "accuracy": 0.9012707722385142,
          "precision": 0.22580645161290322,
          "recall": 0.8484848484848485,
          "f1": 0.35668789808917195,
          "roc_auc": 0.9340067340067341,
          "pr_auc": 0.38480687542733877,
          "balanced_accuracy": 0.8757575757575757,
          "mcc": 0.4068381021724862,
          "cohen_kappa": 0.3221476510067114,
          "log_loss": 0.2994343070035453,
          "brier_score": 0.09636507613165576
        },
        "test": {
          "accuracy": 0.8885630498533724,
          "precision": 0.19548872180451127,
          "recall": 0.7878787878787878,
          "f1": 0.3132530120481928,
          "roc_auc": 0.9336700336700336,
          "pr_auc": 0.3009876902757475,
          "balanced_accuracy": 0.8398989898989899,
          "mcc": 0.3571359859663987,
          "cohen_kappa": 0.27581967213114766,
          "log_loss": 0.32852175726450955,
          "brier_score": 0.10352608138742461
        }
      },
      "best_epoch": 26,
      "epochs_trained": 30,
      "training_timestamp": "2026-07-19T07:25:12.502593+00:00",
      "train_seconds": 11.839,
      "feature_schema": {
        "target_col": "Bankrupt?",
        "n_features": 22,
        "features": [
          "ROA(B) before interest and depreciation after tax",
          "Non-industry income and expenditure/revenue",
          "Total debt/Total net worth",
          "Debt ratio %",
          "Borrowing dependency",
          "Allocation rate per person",
          "Retained Earnings to Total Assets",
          "Total income/Total expense",
          "Net Income to Total Assets",
          "log__Net Value Growth Rate",
          "mul__Net Income to Stockholder's Equity__x__Borrowing dependency",
          "mul__Total debt/Total net worth__x__After-tax net Interest Rate",
          "diff__Net Income to Stockholder's Equity__minus__Borrowing dependency",
          "diff__Net Income to Stockholder's Equity__minus__Total debt/Total net worth",
          "diff__Borrowing dependency__minus__Retained Earnings to Total Assets",
          "pca__1",
          "pca__2",
          "pca__3",
          "pca__4",
          "pca__5",
          "pca__6",
          "pca__7"
        ]
      },
      "dataset_version": "v001",
      "representations": {
        "train": "models/self_supervised/representations/mlp_train.parquet",
        "val": "models/self_supervised/representations/mlp_val.parquet",
        "test": "models/self_supervised/representations/mlp_test.parquet"
      },
      "embedding_stats": {
        "train": {
          "n_samples": 4773,
          "dim": 64,
          "mean": 0.017247073195819917,
          "std": 0.9849324025645394,
          "min": -9.700406074523926,
          "max": 11.659423828125,
          "mean_l2_norm": 6.346011402204324,
          "std_l2_norm": 4.672585411636357
        },
        "val": {
          "n_samples": 1023,
          "dim": 64,
          "mean": 0.013253380412190856,
          "std": 0.9863719001026308,
          "min": -7.421026706695557,
          "max": 10.161588668823242,
          "mean_l2_norm": 6.431754600191136,
          "std_l2_norm": 4.572883566941468
        },
        "test": {
          "n_samples": 1023,
          "dim": 64,
          "mean": 0.01303606130148561,
          "std": 1.0215764383036883,
          "min": -9.345293998718262,
          "max": 10.9100923538208,
          "mean_l2_norm": 6.533562544074858,
          "std_l2_norm": 4.9107041660965915
        }
      },
      "knn_metrics": {
        "val": {
          "accuracy": 0.967741935483871,
          "precision": 0.5,
          "recall": 0.12121212121212122,
          "f1": 0.1951219512195122,
          "roc_auc": 0.878818487909397,
          "pr_auc": 0.3120543936666729,
          "balanced_accuracy": 0.5585858585858585,
          "mcc": 0.23502786055720126,
          "cohen_kappa": 0.1848605577689243,
          "log_loss": 0.24269779513010362,
          "brier_score": 0.025106983816661238
        },
        "test": {
          "accuracy": 0.9638318670576735,
          "precision": 0.35714285714285715,
          "recall": 0.15151515151515152,
          "f1": 0.2127659574468085,
          "roc_auc": 0.8530456075910621,
          "pr_auc": 0.3018689858224345,
          "balanced_accuracy": 0.5712121212121213,
          "mcc": 0.2165952281331787,
          "cohen_kappa": 0.1973407977606717,
          "log_loss": 0.30938088358651344,
          "brier_score": 0.026644944064298903
        }
      }
    },
    {
      "model_version": "v002",
      "network": "residual",
      "checkpoints": {
        "last": "models/self_supervised/residual_last.pt",
        "best": "models/self_supervised/residual_best.pt"
      },
      "architecture": {
        "encoder": "residual",
        "n_features": 22,
        "width": 256,
        "n_blocks": 3,
        "embedding_dim": 64,
        "activation": "relu",
        "dropout": 0.1
      },
      "hyperparameters": {
        "data": {
          "batch_size": 256
        },
        "projection_head": {
          "hidden_dims": [
            128
          ],
          "projection_dim": 64,
          "activation": "relu",
          "batch_norm": true
        },
        "loss": {
          "name": "nt_xent",
          "temperature": 0.5
        },
        "augmentations": [
          {
            "name": "feature_masking",
            "ratio": 0.15
          },
          {
            "name": "gaussian_noise",
            "sigma": 0.1
          }
        ],
        "optimizer": {
          "name": "adamw",
          "lr": 0.001,
          "weight_decay": 0.0001
        },
        "scheduler": {
          "name": "cosine"
        },
        "training": {
          "epochs": 30,
          "device": "auto",
          "mixed_precision": true,
          "gradient_clip": 1.0,
          "log_every": 5
        }
      },
      "n_parameters": 420672,
      "device": "mps",
      "threshold": 0.7155274454538216,
      "threshold_method": "youden",
      "metrics": {
        "val": {
          "accuracy": 0.9217986314760508,
          "precision": 0.26732673267326734,
          "recall": 0.8181818181818182,
          "f1": 0.40298507462686567,
          "roc_auc": 0.924640342822161,
          "pr_auc": 0.4005379356642788,
          "balanced_accuracy": 0.8717171717171717,
          "mcc": 0.44034294187556416,