{
  "best_model": {
    "model_version": "v003",
    "network": "transformer",
    "checkpoints": {
      "last": "models/self_supervised/transformer_last.pt",
      "best": "models/self_supervised/transformer_best.pt"
    },
    "architecture": {
      "encoder": "transformer",
      "n_features": 22,
      "embed_dim": 32,
      "n_heads": 4,
      "n_layers": 2,
      "ff_dim": 64,
      "dropout": 0.1,
      "embedding_dim": 64,
      "positional_embedding": true
    },
    "hyperparameters": {
      "data": {
        "batch_size": 256
      },
      "projection_head": {
        "hidden_dims": [
          128
        ],
        "projection_dim": 64,
        "activation": "relu",
        "batch_norm": true
      },
      "loss": {
        "name": "nt_xent",
        "temperature": 0.5
      },
      "augmentations": [
        {
          "name": "feature_masking",
          "ratio": 0.15
        },
        {
          "name": "gaussian_noise",
          "sigma": 0.1
        }
      ],
      "optimizer": {
        "name": "adamw",
        "lr": 0.001,
        "weight_decay": 0.0001
      },
      "scheduler": {
        "name": "cosine"
      },
      "training": {
        "epochs": 30,
        "device": "auto",
        "mixed_precision": true,
        "gradient_clip": 1.0,
        "log_every": 5
      }
    },
    "n_parameters": 21376,
    "device": "mps",
    "threshold": 0.5725696018876861,
    "threshold_method": "youden",
    "metrics": {
      "val": {
        "accuracy": 0.8768328445747801,
        "precision": 0.19205298013245034,
        "recall": 0.8787878787878788,
        "f1": 0.31521739130434784,
        "roc_auc": 0.9357820630547904,
        "pr_auc": 0.3630427582697913,
        "balanced_accuracy": 0.8777777777777778,
        "mcc": 0.3763520226168586,
        "cohen_kappa": 0.2769344687152906,
        "log_loss": 0.3189249086935001,
        "brier_score": 0.10313388591019308
      },
      "test": {
        "accuracy": 0.8748778103616813,
        "precision": 0.18543046357615894,
        "recall": 0.8484848484848485,
        "f1": 0.30434782608695654,
        "roc_auc": 0.938475665748393,
        "pr_auc": 0.3228658737948002,
        "balanced_accuracy": 0.8621212121212121,
        "mcc": 0.3607545457437,
        "cohen_kappa": 0.2654572380599778,
        "log_loss": 0.3383569341734032,
        "brier_score": 0.10904427027828445
      }
    },
    "best_epoch": 3,
    "epochs_trained": 18,
    "training_timestamp": "2026-07-19T07:25:12.504713+00:00",
    "train_seconds": 16.871,
    "feature_schema": {
      "target_col": "Bankrupt?",
      "n_features": 22,
      "features": [
        "ROA(B) before interest and depreciation after tax",
        "Non-industry income and expenditure/revenue",
        "Total debt/Total net worth",
        "Debt ratio %",
        "Borrowing dependency",
        "Allocation rate per person",
        "Retained Earnings to Total Assets",
        "Total income/Total expense",
        "Net Income to Total Assets",
        "log__Net Value Growth Rate",
        "mul__Net Income to Stockholder's Equity__x__Borrowing dependency",
        "mul__Total debt/Total net worth__x__After-tax net Interest Rate",
        "diff__Net Income to Stockholder's Equity__minus__Borrowing dependency",
        "diff__Net Income to Stockholder's Equity__minus__Total debt/Total net worth",
        "diff__Borrowing dependency__minus__Retained Earnings to Total Assets",
        "pca__1",
        "pca__2",
        "pca__3",
        "pca__4",
        "pca__5",
        "pca__6",
        "pca__7"
      ]
    },
    "dataset_version": "v001",
    "representations": {
      "train": "models/self_supervised/representations/transformer_train.parquet",
      "val": "models/self_supervised/representations/transformer_val.parquet",
      "test": "models/self_supervised/representations/transformer_test.parquet"
    },
    "embedding_stats": {
      "train": {
        "n_samples": 4773,
        "dim": 64,
        "mean": -0.10860540463797992,
        "std": 0.6581378058039684,
        "min": -2.044283390045166,
        "max": 2.0116634368896484,
        "mean_l2_norm": 5.320492514978207,
        "std_l2_norm": 0.41055053299625216
      },
      "val": {
        "n_samples": 1023,
        "dim": 64,
        "mean": -0.10906408979247006,
        "std": 0.6597304659780939,
        "min": -2.0738000869750977,
        "max": 1.973858118057251,
        "mean_l2_norm": 5.334022275441111,
        "std_l2_norm": 0.40634864845565016
      },
      "test": {
        "n_samples": 1023,
        "dim": 64,
        "mean": -0.10635871771244804,
        "std": 0.6580165621366638,
        "min": -2.0180957317352295,
        "max": 2.0286262035369873,
        "mean_l2_norm": 5.315197219798057,
        "std_l2_norm": 0.42865928071695064
      }
    },
    "knn_metrics": {
      "val": {
        "accuracy": 0.967741935483871,
        "precision": 0.5,
        "recall": 0.12121212121212122,
        "f1": 0.1951219512195122,
        "roc_auc": 0.8484695439240892,
        "pr_auc": 0.2849718278453245,
        "balanced_accuracy": 0.5585858585858585,
        "mcc": 0.23502786055720126,
        "cohen_kappa": 0.1848605577689243,
        "log_loss": 0.309028655971557,
        "brier_score": 0.025806451612903226
      },
      "test": {
        "accuracy": 0.9638318670576735,
        "precision": 0.35714285714285715,
        "recall": 0.15151515151515152,
        "f1": 0.2127659574468085,
        "roc_auc": 0.872344658708295,
        "pr_auc": 0.24175383037186554,
        "balanced_accuracy": 0.5712121212121213,
        "mcc": 0.2165952281331787,
        "cohen_kappa": 0.1973407977606717,
        "log_loss": 0.24901411452237943,
        "brier_score": 0.027626805691321827
      }
    },
    "artefact": "models/self_supervised/best_model.pt"
  },
  "config": {
    "fail_fast": false,
    "random_state": 42,
    "deterministic": true,
    "encoders": [
      "mlp",
      "residual",
      "transformer"
    ],
    "data": {
      "batch_size": 256,
      "shuffle": true,
      "num_workers": 0
    },
    "encoder_params": {
      "mlp": {
        "hidden_dims": [
          256,
          128
        ],
        "embedding_dim": 64,
        "activation": "relu",
        "dropout": 0.1,
        "batch_norm": true
      },
      "residual": {
        "width": 256,
        "n_blocks": 3,
        "embedding_dim": 64,
        "activation": "relu",
        "dropout": 0.1
      },
      "transformer": {
        "embed_dim": 32,
        "n_heads": 4,
        "n_layers": 2,
        "ff_dim": 64,
        "dropout": 0.1,
        "embedding_dim": 64,
        "positional_embedding": true
      }
    },
    "projection_head": {
      "hidden_dims": [
        128
      ],
      "projection_dim": 64,
      "activation": "relu",
      "batch_norm": true
    },
    "loss": {
      "name": "nt_xent",
      "temperature": 0.5
    },
    "augmentations": [
      {
        "name": "feature_masking",
        "ratio": 0.15
      },
      {
        "name": "gaussian_noise",
        "sigma": 0.1
      }
    ],
    "optimizer": {
      "name": "adamw",
      "lr": 0.001,
      "weight_decay": 0.0001
    },
    "scheduler": {
      "name": "cosine"
    },
    "training": {
      "epochs": 30,
      "device": "auto",
      "mixed_precision": true,
      "gradient_clip": 1.0,
      "log_every": 5
    },
    "early_stopping": {
      "enabled": true,
      "patience": 15,
      "min_delta": 0.0001
    },
    "checkpoint": {
      "enabled": true,
      "dir": "models/self_supervised"
    },
    "threshold_optimization": {
      "enabled": true,
      "method": "youden",
      "custom_threshold": 0.5
    },
    "evaluation": {
      "linear_probe": {
        "max_iter": 1000,
        "C": 1.0,
        "class_weight": "balanced"
      },
      "knn": {
        "enabled": true,
        "k": 15
      },