{
  "model_version": "v004",
  "algorithm": "extra_trees",
  "artefact": "models/best_model.joblib",
  "hyperparameters": {
    "n_estimators": 400,
    "max_depth": null,
    "min_samples_leaf": 2,
    "class_weight": "balanced",
    "n_jobs": -1
  },
  "tuning": {},
  "cv_scores": {
    "scoring": "roc_auc",
    "scores": [
      0.9034178187403994,
      0.9225666806311967,
      0.9566750453847228,
      0.9345959595959596,
      0.9021773319819663
    ],
    "mean": 0.923886567266849,
    "std": 0.020404793774843735
  },
  "threshold": 0.19038833143173758,
  "threshold_method": "youden",
  "metrics": {
    "val": {
      "accuracy": 0.9325513196480938,
      "precision": 0.3,
      "recall": 0.8181818181818182,
      "f1": 0.43902439024390244,
      "roc_auc": 0.9359044995408632,
      "pr_auc": 0.4571791901321037,
      "balanced_accuracy": 0.8772727272727273,
      "mcc": 0.4706498210127064,
      "cohen_kappa": 0.4112303881090008,
      "log_loss": 0.09225899450770786,
      "brier_score": 0.025026430263101068
    },
    "test": {
      "accuracy": 0.9178885630498533,
      "precision": 0.24752475247524752,
      "recall": 0.7575757575757576,
      "f1": 0.373134328358209,
      "roc_auc": 0.9395163758800122,
      "pr_auc": 0.4379569290099973,
      "balanced_accuracy": 0.8404040404040404,
      "mcc": 0.4032488353588726,
      "cohen_kappa": 0.3410931174089068,
      "log_loss": 0.09841851594502635,
      "brier_score": 0.02798490433199615
    }
  },
  "training_timestamp": "2026-07-16T08:46:23.737925+00:00",
  "train_seconds": 15.488,
  "feature_schema": {
    "target_col": "Bankrupt?",
    "n_features": 22,
    "features": [
      "ROA(B) before interest and depreciation after tax",
      "Non-industry income and expenditure/revenue",
      "Total debt/Total net worth",
      "Debt ratio %",
      "Borrowing dependency",
      "Allocation rate per person",
      "Retained Earnings to Total Assets",
      "Total income/Total expense",
      "Net Income to Total Assets",
      "log__Net Value Growth Rate",
      "mul__Net Income to Stockholder's Equity__x__Borrowing dependency",
      "mul__Total debt/Total net worth__x__After-tax net Interest Rate",
      "diff__Net Income to Stockholder's Equity__minus__Borrowing dependency",
      "diff__Net Income to Stockholder's Equity__minus__Total debt/Total net worth",
      "diff__Borrowing dependency__minus__Retained Earnings to Total Assets",
      "pca__1",
      "pca__2",
      "pca__3",
      "pca__4",
      "pca__5",
      "pca__6",
      "pca__7"
    ]
  },
  "dataset_version": "v001"
}